Workbook

Sheet Cleaned Data
A1: Restaurant Tips Dataset – Cleaned Data
A2: SEX | B2: SMOKER | C2: DAY | D2: TIME | E2: SIZE | F2: TOTAL_BILL | G2: TIP
A3: Female | B3: No | C3: Sun | D3: Dinner | E3: 2 | F3: 16.99 | G3: 1.01
A4: Male | B4: No | C4: Sun | D4: Dinner | E4: 3 | F4: 10.34 | G4: 1.66
A5: Male | B5: No | C5: Sun | D5: Dinner | E5: 3 | F5: 21.01 | G5: 3.5
A6: Male | B6: No | C6: Sun | D6: Dinner | E6: 2 | F6: 23.68 | G6: 3.31
A7: Female | B7: No | C7: Sun | D7: Dinner | E7: 4 | F7: 24.59 | G7: 3.61
A8: Male | B8: No | C8: Sun | D8: Dinner | E8: 4 | F8: 25.29 | G8: 4.71
A9: Male | B9: No | C9: Sun | D9: Dinner | E9: 2 | F9: 8.77 | G9: 2
A10: Male | B10: No | C10: Sun | D10: Dinner | E10: 4 | F10: 26.88 | G10: 3.12
A11: Male | B11: No | C11: Sun | D11: Dinner | E11: 2 | F11: 15.04 | G11: 1.96
A12: Male | B12: No | C12: Sun | D12: Dinner | E12: 2 | F12: 14.78 | G12: 3.23
A13: Male | B13: No | C13: Sun | D13: Dinner | E13: 2 | F13: 10.27 | G13: 1.71
A14: Female | B14: No | C14: Sun | D14: Dinner | E14: 4 | F14: 35.26 | G14: 5
... A245: Female | B245: No | C245: Thur | D245: Dinner | E245: 2 | F245: 18.78 | G245: 3

Sheet Encoded Data
A1: Encoded Data – Categorical Variables Converted to Numeric (IF Formulas)
A2: SEX_ENC | B2: SMOKER_ENC | C2: DAY_ENC | D2: TIME_ENC | E2: SIZE | F2: TOTAL_BILL | G2: TIP | I2: Legend: sex | J2: Legend: smoker | K2: Legend: day | L2: Legend: time
A3: =IF('Cleaned Data'!A3="Female",0,1) -> 0 | B3: =IF('Cleaned Data'!B3="No",0,1) -> 0 | C3: =IF('Cleaned Data'!C3="Thur",1,IF('Cleaned Data'!C3="Fri",2,IF('Cleaned Data'!C3="Sat",3,4))) -> 4 | D3: =IF('Cleaned Data'!D3="Lunch",0,1) -> 1 | E3: ='Cleaned Data'!E3 -> 2 | F3: ='Cleaned Data'!F3 -> 16.99 | G3: ='Cleaned Data'!G3 -> 1.01 | I3: sex | J3: Female=0, Male=1
A4: =IF('Cleaned Data'!A4="Female",0,1) -> 1 | B4: =IF('Cleaned Data'!B4="No",0,1) -> 0 | C4: =IF('Cleaned Data'!C4="Thur",1,IF('Cleaned Data'!C4="Fri",2,IF('Cleaned Data'!C4="Sat",3,4))) -> 4 | D4: =IF('Cleaned Data'!D4="Lunch",0,1) -> 1 | E4: ='Cleaned Data'!E4 -> 3 | F4: ='Cleaned Data'!F4 -> 10.34 | G4: ='Cleaned Data'!G4 -> 1.66 | I4: smoker | J4: No=0, Yes=1
A5: =IF('Cleaned Data'!A5="Female",0,1) -> 1 | B5: =IF('Cleaned Data'!B5="No",0,1) -> 0 | C5: =IF('Cleaned Data'!C5="Thur",1,IF('Cleaned Data'!C5="Fri",2,IF('Cleaned Data'!C5="Sat",3,4))) -> 4 | D5: =IF('Cleaned Data'!D5="Lunch",0,1) -> 1 | E5: ='Cleaned Data'!E5 -> 3 | F5: ='Cleaned Data'!F5 -> 21.01 | G5: ='Cleaned Data'!G5 -> 3.5 | I5: day | J5: Thur=1, Fri=2, Sat=3, Sun=4
A6: =IF('Cleaned Data'!A6="Female",0,1) -> 1 | B6: =IF('Cleaned Data'!B6="No",0,1) -> 0 | C6: =IF('Cleaned Data'!C6="Thur",1,IF('Cleaned Data'!C6="Fri",2,IF('Cleaned Data'!C6="Sat",3,4))) -> 4 | D6: =IF('Cleaned Data'!D6="Lunch",0,1) -> 1 | E6: ='Cleaned Data'!E6 -> 2 | F6: ='Cleaned Data'!F6 -> 23.68 | G6: ='Cleaned Data'!G6 -> 3.31 | I6: time | J6: Lunch=0, Dinner=1
A7: =IF('Cleaned Data'!A7="Female",0,1) -> 0 | B7: =IF('Cleaned Data'!B7="No",0,1) -> 0 | C7: =IF('Cleaned Data'!C7="Thur",1,IF('Cleaned Data'!C7="Fri",2,IF('Cleaned Data'!C7="Sat",3,4))) -> 4 | D7: =IF('Cleaned Data'!D7="Lunch",0,1) -> 1 | E7: ='Cleaned Data'!E7 -> 4 | F7: ='Cleaned Data'!F7 -> 24.59 | G7: ='Cleaned Data'!G7 -> 3.61
A8: =IF('Cleaned Data'!A8="Female",0,1) -> 1 | B8: =IF('Cleaned Data'!B8="No",0,1) -> 0 | C8: =IF('Cleaned Data'!C8="Thur",1,IF('Cleaned Data'!C8="Fri",2,IF('Cleaned Data'!C8="Sat",3,4))) -> 4 | D8: =IF('Cleaned Data'!D8="Lunch",0,1) -> 1 | E8: ='Cleaned Data'!E8 -> 4 | F8: ='Cleaned Data'!F8 -> 25.29 | G8: ='Cleaned Data'!G8 -> 4.71
A9: =IF('Cleaned Data'!A9="Female",0,1) -> 1 | B9: =IF('Cleaned Data'!B9="No",0,1) -> 0 | C9: =IF('Cleaned Data'!C9="Thur",1,IF('Cleaned Data'!C9="Fri",2,IF('Cleaned Data'!C9="Sat",3,4))) -> 4 | D9: =IF('Cleaned Data'!D9="Lunch",0,1) -> 1 | E9: ='Cleaned Data'!E9 -> 2 | F9: ='Cleaned Data'!F9 -> 8.77 | G9: ='Cleaned Data'!G9 -> 2
A10: =IF('Cleaned Data'!A10="Female",0,1) -> 1 | B10: =IF('Cleaned Data'!B10="No",0,1) -> 0 | C10: =IF('Cleaned Data'!C10="Thur",1,IF('Cleaned Data'!C10="Fri",2,IF('Cleaned Data'!C10="Sat",3,4))) -> 4 | D10: =IF('Cleaned Data'!D10="Lunch",0,1) -> 1 | E10: ='Cleaned Data'!E10 -> 4 | F10: ='Cleaned Data'!F10 -> 26.88 | G10: ='Cleaned Data'!G10 -> 3.12
A11: =IF('Cleaned Data'!A11="Female",0,1) -> 1 | B11: =IF('Cleaned Data'!B11="No",0,1) -> 0 | C11: =IF('Cleaned Data'!C11="Thur",1,IF('Cleaned Data'!C11="Fri",2,IF('Cleaned Data'!C11="Sat",3,4))) -> 4 | D11: =IF('Cleaned Data'!D11="Lunch",0,1) -> 1 | E11: ='Cleaned Data'!E11 -> 2 | F11: ='Cleaned Data'!F11 -> 15.04 | G11: ='Cleaned Data'!G11 -> 1.96
A12: =IF('Cleaned Data'!A12="Female",0,1) -> 1 | B12: =IF('Cleaned Data'!B12="No",0,1) -> 0 | C12: =IF('Cleaned Data'!C12="Thur",1,IF('Cleaned Data'!C12="Fri",2,IF('Cleaned Data'!C12="Sat",3,4))) -> 4 | D12: =IF('Cleaned Data'!D12="Lunch",0,1) -> 1 | E12: ='Cleaned Data'!E12 -> 2 | F12: ='Cleaned Data'!F12 -> 14.78 | G12: ='Cleaned Data'!G12 -> 3.23
A13: =IF('Cleaned Data'!A13="Female",0,1) -> 1 | B13: =IF('Cleaned Data'!B13="No",0,1) -> 0 | C13: =IF('Cleaned Data'!C13="Thur",1,IF('Cleaned Data'!C13="Fri",2,IF('Cleaned Data'!C13="Sat",3,4))) -> 4 | D13: =IF('Cleaned Data'!D13="Lunch",0,1) -> 1 | E13: ='Cleaned Data'!E13 -> 2 | F13: ='Cleaned Data'!F13 -> 10.27 | G13: ='Cleaned Data'!G13 -> 1.71
A14: =IF('Cleaned Data'!A14="Female",0,1) -> 0 | B14: =IF('Cleaned Data'!B14="No",0,1) -> 0 | C14: =IF('Cleaned Data'!C14="Thur",1,IF('Cleaned Data'!C14="Fri",2,IF('Cleaned Data'!C14="Sat",3,4))) -> 4 | D14: =IF('Cleaned Data'!D14="Lunch",0,1) -> 1 | E14: ='Cleaned Data'!E14 -> 4 | F14: ='Cleaned Data'!F14 -> 35.26 | G14: ='Cleaned Data'!G14 -> 5
A15: =IF('Cleaned Data'!A15="Female",0,1) -> 1 | B15: =IF('Cleaned Data'!B15="No",0,1) -> 0 | C15: =IF('Cleaned Data'!C15="Thur",1,IF('Cleaned Data'!C15="Fri",2,IF('Cleaned Data'!C15="Sat",3,4))) -> 4 | D15: =IF('Cleaned Data'!D15="Lunch",0,1) -> 1 | E15: ='Cleaned Data'!E15 -> 2 | F15: ='Cleaned Data'!F15 -> 15.42 | G15: ='Cleaned Data'!G15 -> 1.57
A16: =IF('Cleaned Data'!A16="Female",0,1) -> 1 | B16: =IF('Cleaned Data'!B16="No",0,1) -> 0 | C16: =IF('Cleaned Data'!C16="Thur",1,IF('Cleaned Data'!C16="Fri",2,IF('Cleaned Data'!C16="Sat",3,4))) -> 4 | D16: =IF('Cleaned Data'!D16="Lunch",0,1) -> 1 | E16: ='Cleaned Data'!E16 -> 4 | F16: ='Cleaned Data'!F16 -> 18.43 | G16: ='Cleaned Data'!G16 -> 3
A17: =IF('Cleaned Data'!A17="Female",0,1) -> 0 | B17: =IF('Cleaned Data'!B17="No",0,1) -> 0 | C17: =IF('Cleaned Data'!C17="Thur",1,IF('Cleaned Data'!C17="Fri",2,IF('Cleaned Data'!C17="Sat",3,4))) -> 4 | D17: =IF('Cleaned Data'!D17="Lunch",0,1) -> 1 | E17: ='Cleaned Data'!E17 -> 2 | F17: ='Cleaned Data'!F17 -> 14.83 | G17: ='Cleaned Data'!G17 -> 3.02
A18: =IF('Cleaned Data'!A18="Female",0,1) -> 1 | B18: =IF('Cleaned Data'!B18="No",0,1) -> 0 | C18: =IF('Cleaned Data'!C18="Thur",1,IF('Cleaned Data'!C18="Fri",2,IF('Cleaned Data'!C18="Sat",3,4))) -> 4 | D18: =IF('Cleaned Data'!D18="Lunch",0,1) -> 1 | E18: ='Cleaned Data'!E18 -> 2 | F18: ='Cleaned Data'!F18 -> 21.58 | G18: ='Cleaned Data'!G18 -> 3.92
... A245: =IF('Cleaned Data'!A245="Female",0,1) -> 0 | B245: =IF('Cleaned Data'!B245="No",0,1) -> 0 | C245: =IF('Cleaned Data'!C245="Thur",1,IF('Cleaned Data'!C245="Fri",2,IF('Cleaned Data'!C245="Sat",3,4))) -> 1 | D245: =IF('Cleaned Data'!D245="Lunch",0,1) -> 1 | E245: ='Cleaned Data'!E245 -> 2 | F245: ='Cleaned Data'!F245 -> 18.78 | G245: ='Cleaned Data'!G245 -> 3

Sheet Pivot - Tips by Sex
A1: Pivot Table – Total Tips by Gender
A2: Gender | B2: Sum of Tips | C2: % of Total
A3: Female | B3: 244.51 | C3: =B3/B5 -> 0.33513802
A4: Male | B4: 485.07 | C4: =B4/B5 -> 0.66486198
A5: Grand Total | B5: =SUM(B3:B4) -> 729.58

Sheet Pivot - Tips by Sex & Time
A1: Pivot Table – Total Tips by Gender and Time
A2: Time | B2: Female | C2: Male | D2: Grand Total
A3: Dinner | B3: 156.11 | C3: 389.96 | D3: =B3+C3 -> 546.07
A4: Lunch | B4: 88.4 | C4: 95.11 | D4: =B4+C4 -> 183.51
A5: Grand Total | B5: =SUM(B3:B4) -> 244.51 | C5: =SUM(C3:C4) -> 485.07 | D5: =SUM(D3:D4) -> 729.58

Sheet Correlation
A1: Correlation Matrix – Tip vs Independent Variables
A2: Variable | B2: tip | C2: total_bill | D2: size | E2: sex_enc | F2: smoker_enc | G2: day_enc | H2: time_enc
A3: tip | B3: 1 | C3: 0.675 | D3: 0.4884 | E3: 0.0853 | F3: 0.0098 | G3: 0.1318 | H3: 0.1176
A4: total_bill | B4: 0.675 | C4: 1 | D4: 0.5976 | E4: 0.1413 | F4: 0.0901 | G4: 0.17 | H4: 0.1792
A5: size | B5: 0.4884 | C5: 0.5976 | D5: 1 | E5: 0.0832 | F5: -0.1306 | G5: 0.1625 | H5: 0.1
A6: sex_enc | B6: 0.0853 | C6: 0.1413 | D6: 0.0832 | E6: 1 | F6: 0.0099 | G6: 0.2244 | H6: 0.1981
A7: smoker_enc | B7: 0.0098 | C7: 0.0901 | D7: -0.1306 | E7: 0.0099 | F7: 1 | G7: -0.025 | H7: 0.0639
A8: day_enc | B8: 0.1318 | C8: 0.17 | D8: 0.1625 | E8: 0.2244 | F8: -0.025 | G8: 1 | H8: 0.8731
A9: time_enc | B9: 0.1176 | C9: 0.1792 | D9: 0.1 | E9: 0.1981 | F9: 0.0639 | G9: 0.8731 | H9: 1
A12: Tip Correlation Summary (correlation of each variable with TIP)
A13: Variable | B13: Correlation with Tip | C13: Strength | D13: Direction
A14: total_bill | B14: 0.675 | C14: Strong | D14: Positive
A15: size | B15: 0.4884 | C15: Moderate | D15: Positive
A16: sex_enc | B16: 0.0853 | C16: Weak | D16: Positive
A17: smoker_enc | B17: 0.0098 | C17: Weak | D17: Positive
A18: day_enc | B18: 0.1318 | C18: Weak | D18: Positive
A19: time_enc | B19: 0.1176 | C19: Weak | D19: Positive

Sheet Regression Analysis
A1: Multiple Regression Analysis – Dependent Variable: TIP
A3: REGRESSION STATISTICS
A4: Observations | B4: 243
A5: Variables | B5: 6
A6: R² | B6: 0.468166
A7: Adjusted R² | B7: 0.452324
A8: RMSE | B8: 1.008
A11: Coefficients
A12: Variable | B12: Coefficient | C12: Std Error | D12: t-Stat | E12: Interpretation
A13: Intercept | B13: 0.675081 | C13: 0.254241 | D13: 2.6553 | E13: Base tip when all variables are 0
A14: total_bill | B14: 0.094264 | C14: 0.009561 | D14: 9.8588 | E14: For each $1 increase in bill, tip increases
A15: size | B15: 0.174964 | C15: 0.089369 | D15: 1.9578 | E15: For each additional person, tip changes by this amount
A16: sex_enc | B16: -0.036633 | C16: 0.141648 | D16: -0.2586 | E16: Male vs Female impact on tip (Male=1)
A17: smoker_enc | B17: -0.072844 | C17: 0.141051 | D17: -0.5164 | E17: Smoker vs Non-smoker impact on tip (Smoker=1)
A18: day_enc | B18: 0.053005 | C18: 0.120583 | D18: 0.4396 | E18: Day of week effect (Thur=1→Sun=4)
A19: time_enc | B19: -0.116006 | C19: 0.308553 | D19: -0.376 | E19: Dinner vs Lunch effect on tip (Dinner=1)
A21: REGRESSION EQUATION
A22: tip = 0.6751 + 0.0943×total_bill + 0.1750×size - 0.0366×sex_enc - 0.0728×smoker_enc + 0.0530×day_enc - 0.1160×time_enc

Sheet Predicted vs Actual
A1: Regression Predictions – Predicted Tip vs Actual Tip
A2: # | B2: total_bill | C2: size | D2: sex_enc | E2: smoker_enc | F2: day_enc | G2: time_enc | H2: Actual Tip | I2: Predicted Tip | J2: Residual
A3: 1 | B3: ='Encoded Data'!F3 -> 16.99 | C3: ='Encoded Data'!E3 -> 2 | D3: ='Encoded Data'!A3 -> 0 | E3: ='Encoded Data'!B3 -> 0 | F3: ='Encoded Data'!C3 -> 4 | G3: ='Encoded Data'!D3 -> 1 | H3: ='Encoded Data'!G3 -> 1.01 | I3: =0.675081+0.094264*B3+0.174964*C3+-0.036633*D3+-0.072844*E3+0.053005*F3+-0.116006*G3 -> 2.7225684 | J3: =H3-I3 -> -1.7125684
A4: 2 | B4: ='Encoded Data'!F4 -> 10.34 | C4: ='Encoded Data'!E4 -> 3 | D4: ='Encoded Data'!A4 -> 1 | E4: ='Encoded Data'!B4 -> 0 | F4: ='Encoded Data'!C4 -> 4 | G4: ='Encoded Data'!D4 -> 1 | H4: ='Encoded Data'!G4 -> 1.66 | I4: =0.675081+0.094264*B4+0.174964*C4+-0.036633*D4+-0.072844*E4+0.053005*F4+-0.116006*G4 -> 2.2340438 | J4: =H4-I4 -> -0.57404376
A5: 3 | B5: ='Encoded Data'!F5 -> 21.01 | C5: ='Encoded Data'!E5 -> 3 | D5: ='Encoded Data'!A5 -> 1 | E5: ='Encoded Data'!B5 -> 0 | F5: ='Encoded Data'!C5 -> 4 | G5: ='Encoded Data'!D5 -> 1 | H5: ='Encoded Data'!G5 -> 3.5 | I5: =0.675081+0.094264*B5+0.174964*C5+-0.036633*D5+-0.072844*E5+0.053005*F5+-0.116006*G5 -> 3.2398406 | J5: =H5-I5 -> 0.26015936
A6: 4 | B6: ='Encoded Data'!F6 -> 23.68 | C6: ='Encoded Data'!E6 -> 2 | D6: ='Encoded Data'!A6 -> 1 | E6: ='Encoded Data'!B6 -> 0 | F6: ='Encoded Data'!C6 -> 4 | G6: ='Encoded Data'!D6 -> 1 | H6: ='Encoded Data'!G6 -> 3.31 | I6: =0.675081+0.094264*B6+0.174964*C6+-0.036633*D6+-0.072844*E6+0.053005*F6+-0.116006*G6 -> 3.3165615 | J6: =H6-I6 -> -0.00656152
A7: 5 | B7: ='Encoded Data'!F7 -> 24.59 | C7: ='Encoded Data'!E7 -> 4 | D7: ='Encoded Data'!A7 -> 0 | E7: ='Encoded Data'!B7 -> 0 | F7: ='Encoded Data'!C7 -> 4 | G7: ='Encoded Data'!D7 -> 1 | H7: ='Encoded Data'!G7 -> 3.61 | I7: =0.675081+0.094264*B7+0.174964*C7+-0.036633*D7+-0.072844*E7+0.053005*F7+-0.116006*G7 -> 3.7889028 | J7: =H7-I7 -> -0.17890276
A8: 6 | B8: ='Encoded Data'!F8 -> 25.29 | C8: ='Encoded Data'!E8 -> 4 | D8: ='Encoded Data'!A8 -> 1 | E8: ='Encoded Data'!B8 -> 0 | F8: ='Encoded Data'!C8 -> 4 | G8: ='Encoded Data'!D8 -> 1 | H8: ='Encoded Data'!G8 -> 4.71 | I8: =0.675081+0.094264*B8+0.174964*C8+-0.036633*D8+-0.072844*E8+0.053005*F8+-0.116006*G8 -> 3.8182546 | J8: =H8-I8 -> 0.89174544
A9: 7 | B9: ='Encoded Data'!F9 -> 8.77 | C9: ='Encoded Data'!E9 -> 2 | D9: ='Encoded Data'!A9 -> 1 | E9: ='Encoded Data'!B9 -> 0 | F9: ='Encoded Data'!C9 -> 4 | G9: ='Encoded Data'!D9 -> 1 | H9: ='Encoded Data'!G9 -> 2 | I9: =0.675081+0.094264*B9+0.174964*C9+-0.036633*D9+-0.072844*E9+0.053005*F9+-0.116006*G9 -> 1.9110853 | J9: =H9-I9 -> 0.08891472
A10: 8 | B10: ='Encoded Data'!F10 -> 26.88 | C10: ='Encoded Data'!E10 -> 4 | D10: ='Encoded Data'!A10 -> 1 | E10: ='Encoded Data'!B10 -> 0 | F10: ='Encoded Data'!C10 -> 4 | G10: ='Encoded Data'!D10 -> 1 | H10: ='Encoded Data'!G10 -> 3.12 | I10: =0.675081+0.094264*B10+0.174964*C10+-0.036633*D10+-0.072844*E10+0.053005*F10+-0.116006*G10 -> 3.9681343 | J10: =H10-I10 -> -0.84813432
A11: 9 | B11: ='Encoded Data'!F11 -> 15.04 | C11: ='Encoded Data'!E11 -> 2 | D11: ='Encoded Data'!A11 -> 1 | E11: ='Encoded Data'!B11 -> 0 | F11: ='Encoded Data'!C11 -> 4 | G11: ='Encoded Data'!D11 -> 1 | H11: ='Encoded Data'!G11 -> 1.96 | I11: =0.675081+0.094264*B11+0.174964*C11+-0.036633*D11+-0.072844*E11+0.053005*F11+-0.116006*G11 -> 2.5021206 | J11: =H11-I11 -> -0.54212056
A12: 10 | B12: ='Encoded Data'!F12 -> 14.78 | C12: ='Encoded Data'!E12 -> 2 | D12: ='Encoded Data'!A12 -> 1 | E12: ='Encoded Data'!B12 -> 0 | F12: ='Encoded Data'!C12 -> 4 | G12: ='Encoded Data'!D12 -> 1 | H12: ='Encoded Data'!G12 -> 3.23 | I12: =0.675081+0.094264*B12+0.174964*C12+-0.036633*D12+-0.072844*E12+0.053005*F12+-0.116006*G12 -> 2.4776119 | J12: =H12-I12 -> 0.75238808
A13: 11 | B13: ='Encoded Data'!F13 -> 10.27 | C13: ='Encoded Data'!E13 -> 2 | D13: ='Encoded Data'!A13 -> 1 | E13: ='Encoded Data'!B13 -> 0 | F13: ='Encoded Data'!C13 -> 4 | G13: ='Encoded Data'!D13 -> 1 | H13: ='Encoded Data'!G13 -> 1.71 | I13: =0.675081+0.094264*B13+0.174964*C13+-0.036633*D13+-0.072844*E13+0.053005*F13+-0.116006*G13 -> 2.0524813 | J13: =H13-I13 -> -0.34248128
A14: 12 | B14: ='Encoded Data'!F14 -> 35.26 | C14: ='Encoded Data'!E14 -> 4 | D14: ='Encoded Data'!A14 -> 0 | E14: ='Encoded Data'!B14 -> 0 | F14: ='Encoded Data'!C14 -> 4 | G14: ='Encoded Data'!D14 -> 1 | H14: ='Encoded Data'!G14 -> 5 | I14: =0.675081+0.094264*B14+0.174964*C14+-0.036633*D14+-0.072844*E14+0.053005*F14+-0.116006*G14 -> 4.7946996 | J14: =H14-I14 -> 0.20530036
... A245: 243 | B245: ='Encoded Data'!F245 -> 18.78 | C245: ='Encoded Data'!E245 -> 2 | D245: ='Encoded Data'!A245 -> 0 | E245: ='Encoded Data'!B245 -> 0 | F245: ='Encoded Data'!C245 -> 1 | G245: ='Encoded Data'!D245 -> 1 | H245: ='Encoded Data'!G245 -> 3 | I245: =0.675081+0.094264*B245+0.174964*C245+-0.036633*D245+-0.072844*E245+0.053005*F245+-0.116006*G245 -> 2.7322859 | J245: =H245-I245 -> 0.26771408
